"Ítem";"Descripción";"Grupo";"Precio Venta"
"702";"CAÑONCITOS DE QUESO X 500Gr (10u).AMANECER";"AMANECER";"$ 3.081,79"
"275";"CONITOS DE QUESO X 120Gr(16u).AMANECER";"AMANECER";"$ 1.772,47"
"135";"CONITOS DE QUESO X 800Gr(5u).AMANECER";"AMANECER";"$ 9.216,92"
"936";"COPETIN COMPLETO X 300g (25u).AMANECER";"AMANECER";"$ 1.528,31"
"1275";"MANI CON CASCARA X 800g.AMANECER";"AMANECER";"$ 4.031,57"
"289";"PAPA PAY X 1Kg (5u) AMANECER";"AMANECER";"$ 9.487,11"
"66";"PAPA PAY X 500g(10u)AMANECER";"AMANECER";"$ 5.206,20"
"261";"PIZZITAS DE MAIZ X 500Gr (10u).AMANECER";"AMANECER";"$ 3.130,64"
"1157";"#BUDIN CON ARANDANOS X 200Gr (12u).CERAL";"CERAL";"$ 4.078,04"
"1125";"#BUDIN CON FRUTAS X 200Gr (12u).CERAL";"CERAL";"$ 2.625,69"
"604";"#BUDIN MARMOLADO X 200Gr (12u).CERAL";"CERAL";"$ 2.500,65"
"1124";"#BUDIN SIN FRUTAS X 200Gr (12u).CERAL";"CERAL";"$ 2.625,69"
"1127";"#PAN DULCE CON FRUTAS X 400Gr (8u).CERAL";"CERAL";"$ 4.431,83"
"1126";"#PAN DULCE SIN FRUTAS X 400Gr (8u).CERAL";"CERAL";"$ 4.089,33"
"1141";"ALFAJOR BLANCO LIGHT X 45g(16u)CERAL";"CERAL";"$ 755,35"
"1140";"ALFAJOR NEGRO LIGHT X 45g(16u)CERAL";"CERAL";"$ 755,35"
"761";"DISCO DE ARROZ C/SAL X 100g(24u)CERAL";"CERAL";"$ 1.248,15"
"208";"DISCO DE ARROZ DULCE X 100g(24u)CERAL";"CERAL";"$ 1.248,15"
"708";"DISCO DE ARROZ S/SAL X 100g(24u)CERAL";"CERAL";"$ 1.248,15"
"707";"FIDEO INTEGRAL ESPIN. X 300g(12u)CERAL";"CERAL";"$ 1.979,64"
"757";"FIDEO INTEGRAL MORRON X 300g(12u)CERAL";"CERAL";"$ 1.979,64"
"710";"FIDEO INTEGRAL NATURAL X 300g(12u)CERAL";"CERAL";"$ 1.979,64"
"1131";"FIDEOS DIET ESPINACA X 300g(12u)CERAL";"CERAL";"$ 1.799,25"
"1132";"FIDEOS DIET MORRON X 300g(12u)CERAL";"CERAL";"$ 1.799,25"
"1130";"FIDEOS DIET NATURAL X 300g(12u)CERAL";"CERAL";"$ 1.799,25"
"930";"GALL. INTEG. AVENA Y PASAS X 180g(18u)CERAL";"CERAL";"$ 1.548,82"
"1006";"GALL. INTEG. SEMILL Y AVENA  X 180g(18u)CERAL";"CERAL";"$ 1.548,61"
"1110";"GALL. INTEGRAL COCO X 180g(18u)CERAL";"CERAL";"$ 1.408,21"
"1003";"GALL. INTEGRAL LIMON X 180g(18u)CERAL";"CERAL";"$ 1.408,03"
"1148";"GALL. INTEGRAL NARANJA  X 180g(18u)CERAL";"CERAL";"$ 1.408,03"
"1120";"GALLET. DIET ALGARROBA  X 190g(18u)CERAL";"CERAL";"$ 1.408,21"
"1117";"GALLET. DIET COCO X 190g(18u)CERAL";"CERAL";"$ 1.408,02"
"1115";"GALLET. DIET LIMON X 190g(18u)CERAL";"CERAL";"$ 1.408,21"
"1116";"GALLET. DIET NARANJA X 190g(18u)CERAL";"CERAL";"$ 1.408,02"
"1119";"GALLET. DIET TEISTY  X 190g(18u)CERAL";"CERAL";"$ 1.408,21"
"1118";"GALLET. DIET VAINILLA X190g(18u)CERAL";"CERAL";"$ 1.408,21"
"1152";"GRISIN DIET MESA X 180g(12u)CERAL";"CERAL";"$ 1.309,93"
"1153";"GRISIN DIET SIN SAL X 180g(12u)CERAL";"CERAL";"$ 1.309,93"
"1243";"JUGO DE ARANDANO X 1,500cc(6u)CERAL";"CERAL";"$ 2.955,42"
"1151";"MARINERA GLUTEN C/SAL X 180g(10u)CERAL";"CERAL";"$ 1.332,39"
"1150";"MARINERA GLUTEN S/SAL X 180g(10u)CERAL";"CERAL";"$ 1.332,39"
"1149";"MERMEL. DIET ARANDANO X 410g(6u)CERAL";"CERAL";"$ 4.296,22"
"878";"MERMEL. DIET CIRUELA X 410g(6u).CERAL";"CERAL";"$ 3.926,98"
"1162";"MERMEL. DIET DURAZNO X 410g(6u)CERAL";"CERAL";"$ 3.926,98"
"1107";"MERMEL. DIET FRUT.BOSQ X 410g(6u)CERAL";"CERAL";"$ 4.296,22"
"1160";"MERMEL. DIET FRUTILLA X 410g(6u)CERAL";"CERAL";"$ 4.228,84"
"1161";"MERMEL. DIET NARANJA X 410g(6u)CERAL";"CERAL";"$ 3.505,78"
"998";"PAN RALLADO X 400Gr (20u).CERAL";"CERAL";"$ 1.310,64"
"1098";"TIRABUZON INTEGRAL ESPINACA X 300Gr(12u).CERAL";"CERAL";"$ 1.979,26"
"1099";"TIRABUZON INTEGRAL MORRON X 300Gr(12u).CERAL";"CERAL";"$ 1.979,26"
"1097";"TIRABUZON INTEGRAL NATURAL X 300Gr(12u).CERAL";"CERAL";"$ 1.979,26"
"1165";"TOST. DE ARROZ S/SAL X120Gr(12u)CERAL";"CERAL";"$ 1.150,59"
"1102";"TOST.SALV + 4 SEM. S/SAL X 400g(8u)CERAL";"CERAL";"$ 2.815,02"
"703";"TOSTADA C/CHIA X 200g(16u)CERAL";"CERAL";"$ 1.406,80"
"1101";"TOSTADA DIET MESA X 200g(16u)CERAL";"CERAL";"$ 1.279,04"
"1104";"TOSTADA DIET MESA X 400g(8u)CERAL";"CERAL";"$ 2.444,36"
"1100";"TOSTADA DIET S/SAL X 200g(16u)CERAL";"CERAL";"$ 1.279,04"
"1105";"TOSTADA DIET S/SAL X 400g(8u)CERAL";"CERAL";"$ 2.444,26"
"450";"TOSTADA DIET SALVADO X 400g(8u)CERAL";"CERAL";"$ 2.444,36"
"902";"TOSTADA DULCE X 400Gr (8u)CERAL";"CERAL";"$ 2.444,36"
"767";"BOLITAS COLOR X 500g(6u).COPETIN JUNIN";"COPETIN JUNIN";"$ 2.437,92"
"334";"JAMONCITOS SUPERBOLS X 4Kg.COPETIN JUNIN";"COPETIN JUNIN";"$ 14.274,32"
"119";"JAMONCITOS SUPERBOLS X 800g(6u).COPETIN JUNIN";"COPETIN JUNIN";"$ 3.418,87"
"997";"KEPCHITOS X 78g (30u).COPETIN JUNIN";"COPETIN JUNIN";"$ 650,91"
"84";"KEPCHITOS X 800g (6u).COPETIN JUNIN";"COPETIN JUNIN";"$ 3.914,70"
"1276";"MANI CHOPERO JAMON X 800g(6u).COPETIN JUNIN";"COPETIN JUNIN";"$ 5.272,72"
"270";"MANI CHOPERO PIZZA X 800g(6u).COPETIN JUNIN";"COPETIN JUNIN";"$ 5.272,72"
"288";"MANI CON CASCARA X 1Kg(20u).COPETIN JUNIN";"COPETIN JUNIN";"$ 6.200,32"
"33";"MANI SALADO REPELADO X 800g(6u).COPETIN JUNIN";"COPETIN JUNIN";"$ 5.991,15"
"276";"MANI SALADO X 120g (30u).COPETIN JUNIN";"COPETIN JUNIN";"$ 914,96"
"1217";"MANI SALADO X 800g (6u).COPETIN JUNIN";"COPETIN JUNIN";"$ 5.517,20"
"158";"ORUGUITAS PICANTES X 500Gr(6u).COPETIN JUNIN";"COPETIN JUNIN";"$ 2.159,30"
"73";"ORUGUITAS SALADAS X 500Gr(6u).COPETIN JUNIN";"COPETIN JUNIN";"$ 2.159,30"
"262";"PALITO SABOR QUESO X 120g(30u).COPETIN JUNIN";"COPETIN JUNIN";"$ 705,51"
"1215";"PALITO SALADO X 800Gr(6u).COPETIN JUNIN";"COPETIN JUNIN";"$ 3.118,64"
"1219";"PAPAS FRITAS X 600 Gr(6u).COPETIN JUNIN";"COPETIN JUNIN";"$ 5.664,03"
"1225";"PIZZETAS X 60g(30u).COPETIN JUNIN";"COPETIN JUNIN";"$ 454,44"
"285";"QUESITO SUPERBOLS X 900g(6u).COPETIN JUNIN";"COPETIN JUNIN";"$ 3.418,87"
"324";"QUESITOS SUPERBOLS X 4Kg.COP.JUNIN";"COPETIN JUNIN";"$ 12.788,86"
"124";"TAKITOS X 80g(30u)COP JUNIN";"COPETIN JUNIN";"$ 781,48"
"1185";"TUBITO DE JAMON X 500g(6u)COP.JUNIN";"COPETIN JUNIN";"$ 2.484,28"
"271";"TUBITO DE JAMON X 60g(30u)COP.JUNIN";"COPETIN JUNIN";"$ 537,36"
"619";"TUTUCAS DULCES X 1 Kg.COPETIN JUNIN";"COPETIN JUNIN";"$ 4.413,50"
"1186";"VUVUZELAS X 68g(30u)COP JUNIN";"COPETIN JUNIN";"$ 657,22"
"940";"FECULA DE MANDIOCA X 500g(20u)DOÑA PACHA";"DOÑA PACHA";"$ 2.044,15"
"328";"PREMEZ. BIZC. CHOCOLATE X 500g(20u)DOÑA PACHA";"DOÑA PACHA";"$ 3.048,25"
"1257";"PREMEZCLA P/PIZZA X 500g(20u)DOÑA PACHA";"DOÑA PACHA";"$ 2.521,06"
"993";"PREMEZCLA UNIVERSAL x 10Kg.D.PACHA";"DOÑA PACHA";"$ 40.394,37"
"504";"PREMEZCLA UNIVERSAL X 500g(20u)DOÑA PACHA";"DOÑA PACHA";"$ 2.226,57"
"1223";"REBOZADOR X 500g(20u)DOÑA PACHA";"DOÑA PACHA";"$ 2.536,85"
"413";"AZUCAR IMPALPABLE X 250g(12u).EMETH";"EMETH";"$ 663,97"
"475";"BC GELATINA ANANA X 25g(6u).EMETH";"EMETH";"$ 792,29"
"810";"BC GELATINA DURAZNO X 25g(6u).EMETH";"EMETH";"$ 792,29"
"811";"BC GELATINA FRUTILLA X 25g(6u).EMETH";"EMETH";"$ 792,29"
"320";"BIZC. VAINILLA CON CHIPS X 450Gr(12u).EMETH";"EMETH";"$ 1.565,08"
"912";"BIZCOCHUELO CHOCOLATE X 450g(12u).EMETH";"EMETH";"$ 1.640,40"
"246";"BIZCOCHUELO DULCE DE LECHE X 450g(12u).EMETH";"EMETH";"$ 1.473,01"
"603";"BIZCOCHUELO NARANJA X 450Gr(12u).EMETH";"EMETH";"$ 1.379,56"
"972";"BIZCOCHUELO VAINILLA X 450g(12u)EMETH";"EMETH";"$ 1.360,03"
"273";"BROWNIE POUCH X 425Gr(12u).EMETH";"EMETH";"$ 1.958,43"
"2";"CHIPA SIN TACC X 250Gr(12u).EMETH";"EMETH";"$ 2.199,60"
"1259";"DULCE BATATA C/CHOC X 500g(12u).EMETH";"EMETH";"$ 1.297,25"
"1260";"DULCE BATATA C/CHOC X 5Kg(CAJON).EMETH";"EMETH";"$ 10.433,85"
"1261";"DULCE BATATA X 500g(12u).EMETH";"EMETH";"$ 1.297,25"
"1262";"DULCE BATATA X 5Kg(CAJON).EMETH";"EMETH";"$ 9.987,47"
"1263";"DULCE MEMBRILLO X 500g(12u).EMETH";"EMETH";"$ 1.333,80"
"1264";"DULCE MEMBRILLO X 5Kg(CAJON).EMETH";"EMETH";"$ 13.516,10"
"410";"ESENCIA VAINILLA X 120g(24u).EMETH";"EMETH";"$ 605,38"
"412";"FLAN CHOCOLATE X 60g(6u)EMETH";"EMETH";"$ 869,02"
"400";"FLAN DULCE DE LECHE  X 60g(6u)EMETH";"EMETH";"$ 790,90"
"416";"FLAN VAINILLA X 60g(6u)EMETH";"EMETH";"$ 714,19"
"1000";"FRASCO MERMELADA CIRUELA X 454Gr(6u).EMETH";"EMETH";"$ 1.747,81"
"1002";"FRASCO MERMELADA DAMASCO X 454Gr(6u).EMETH";"EMETH";"$ 1.747,81"
"1004";"FRASCO MERMELADA DURAZNO X 454Gr(6u).EMETH";"EMETH";"$ 1.747,81"
"1008";"FRASCO MERMELADA FRUTILLA X 454Gr(6u).EMETH";"EMETH";"$ 2.195,57"
"1195";"GELATINA ANANA X 70g(6u)EMETH";"EMETH";"$ 792,29"
"816";"GELATINA DURAZNO X 70g(6u)EMETH";"EMETH";"$ 792,29"
"1201";"GELATINA FRUTILLA X 70g(6u)EMETH";"EMETH";"$ 792,29"
"1271";"MERMELADA BC DURAZNO X 450g(12u).EMETH";"EMETH";"$ 927,61"
"1265";"MERMELADA CIRUELA X 420g(12u)EMETH";"EMETH";"$ 870,41"
"272";"MERMELADA DAMASCO X 420Gr(12u).EMETH";"EMETH";"$ 870,41"
"1267";"MERMELADA DURAZNO X 420g(12u)EMETH";"EMETH";"$ 871,00"
"1274";"MERMELADA FRUTILLA X 420Gr(12u).EMETH";"EMETH";"$ 959,68"
"417";"POSTRE CHOCOLATE X 120g(6u)EMETH";"EMETH";"$ 817,41"
"414";"POSTRE VAINILLA X 120g(6u)EMETH";"EMETH";"$ 637,46"
"110";"JAMON COC. SIN CUERO BARRIL (4u).EMEZETA";"EMEZETA";"$ 6.410,44"
"962";"LONGANIZA CALABREZA BASTON.EMEZETA";"EMEZETA";"$ 11.432,52"
"117";"PANCETA AHUMADA TIERNIZADA.EMEZETA";"EMEZETA";"$ 6.855,01"
"107";"PANCETA AHUMADA.EMEZETA";"EMEZETA";"$ 13.339,30"
"91";"PANCETA SALADA.EMEZETA";"EMEZETA";"$ 12.584,11"
"101";"SALAME MILAN 1/2.EMEZETA";"EMEZETA";"$ 9.334,27"
"6";"ACEITE DE OLIVA X 500cc(6u).SAN CAYETANO";"ENCURTIDOS";"$ 3.153,15"
"1210";"ACEITUNA DESCAROZ N°0 X 2Kg.SAN CAYETANO";"ENCURTIDOS";"$ 13.984,42"
"1187";"ACEITUNA DESCAROZ N°0 X 4Kg.SAN CAYETANO";"ENCURTIDOS";"$ 26.947,83"
"1288";"ACEITUNA FILETEADA X 2Kg.SAN CAYETANO";"ENCURTIDOS";"$ 13.079,43"
"53";"ACEITUNA FILETEADA X 4Kg.SAN CAYETANO";"ENCURTIDOS";"$ 24.978,13"
"163";"ACEITUNA NEGRA DESC. N°0 X 2KG.SAN CAYETANO";"ENCURTIDOS";"$ 18.207,73"
"1287";"ACEITUNA Nº0 X 5Kg.SAN CAYETANO";"ENCURTIDOS";"$ 23.432,95"
"202";"ACEITUNA SACHET DESCAROZADA X 90Gr(24u)";"ENCURTIDOS";"$ 891,80"
"209";"ACEITUNA SACHET RELLENA X 90g(18u).CHIRO";"ENCURTIDOS";"$ 997,60"
"150";"ACEITUNA SACHET X 90g(18u).CHIRO";"ENCURTIDOS";"$ 682,50"
"54";"ACEITUNA VERDE X 2Kg Nº0.SAN CAYETANO";"ENCURTIDOS";"$ 11.662,56"
"830";"ACEITUNA VERDE X 2Kg Nº00.SAN CAYETANO";"ENCURTIDOS";"$ 15.371,26"
"51";"ACEITUNA VERDE X 2Kg Nº000.SAN CAYETANO";"ENCURTIDOS";"$ 17.731,34"
"170";"FILET DE ANCHOA 30 X 3u.BOCARTE";"ENCURTIDOS";"$ 17.943,90"
"168";"FILET DE ANCHOA 60 X 3u.BOCARTE";"ENCURTIDOS";"$ 34.438,30"
"1188";"ARROLLADO DE POLLO.FETITAS";"FIAMBRES VARIOS";"$ 5.371,23"
"991";"ARROLLADO VACUNO.FETITAS";"FIAMBRES VARIOS";"$ 5.610,15"
"820";"CHORIZO CHACARERO.LA TABA";"FIAMBRES VARIOS";"$ 10.710,00"
"68";"GRASA DE CERDO X 500g(10u)HALCON";"FIAMBRES VARIOS";"$ 1.427,40"
"1142";"GRASA VACUNA X 500g(10u)HALCON";"FIAMBRES VARIOS";"$ 1.357,20"
"354";"LONGANIZA CASERA.LA TABA";"FIAMBRES VARIOS";"$ 11.242,00"
"910";"MATAMBRE VACA.FEPA";"FIAMBRES VARIOS";"$ 8.983,00"
"1184";"QUESO DE CERDO.FETITAS";"FIAMBRES VARIOS";"$ 3.765,43"
"358";"SALAMIN P/FINO.LA TABA";"FIAMBRES VARIOS";"$ 10.710,00"
"359";"SALAMIN P/GRUESO.LA TABA";"FIAMBRES VARIOS";"$ 10.710,00"
"314";"BONDIOLA.GOGGI";"GOGGI";"$ 15.527,01"
"455";"JAMON COCIDO TRADICIONAL.GOGGI";"GOGGI";"$ 8.144,87"
"457";"JAMON CRUDO (1/2) .GOGGI";"GOGGI";"$ 15.527,04"
"1180";"JAMON NATURAL CON CUERO (2u).GOGGI";"GOGGI";"$ 8.885,76"
"1279";"MORTADELA ITALIANA (8u).GOGGI";"GOGGI";"$ 3.426,46"
"308";"MORTADELITA X 300gr.GOGGI";"GOGGI";"$ 1.743,20"
"713";"P";"GOGGI";"$ 0,00"
"236";"PALETA DE CERDO COCIDA.GOGGI";"GOGGI";"$ 4.986,56"
"120";"PALETA SANDWICH AZUL.GOGGI";"GOGGI";"$ 3.002,12"
"709";"PANCETA ARROLLADA.GOGGI";"GOGGI";"$ 15.316,20"
"1202";"SALAME BASTON AZUL.GOGGI";"GOGGI";"$ 9.761,71"
"958";"SALAME CANTINPALO.GOGGI";"GOGGI";"$ 9.239,24"
"238";"SALAME MILAN.GOGGI";"GOGGI";"$ 8.676,45"
"1007";"SALAMINES PICADO FINO (5u).GOGGI";"GOGGI";"$ 9.171,40"
"112";"SALAMINES PICADO GRUESO (5u).GOGGI";"GOGGI";"$ 9.761,71"
"1005";"SALCHICON PRIMAVERA (8u).GOGGI";"GOGGI";"$ 3.426,46"
"914";"ADOBO P/PIZZA X 25Gr(15u).KOKITO";"KOKITO";"$ 520,84"
"968";"ADOBO PARA PIZZA X 1Kg.KOKITO";"KOKITO";"$ 12.054,69"
"813";"AJI MOLIDO X 1Kg. KOKITO";"KOKITO";"$ 13.879,68"
"872";"AJI MOLIDO X 25Gr(15u).KOKITO";"KOKITO";"$ 510,47"
"863";"AJO EN ESCAMAS X 50Gr(15u).KOKITO";"KOKITO";"$ 695,18"
"1203";"AJO EN POLVO X 25Gr(15u).KOKITO";"KOKITO";"$ 616,99"
"876";"ALBAHACA EN HOJAS X 25g(15u).KOKITO";"KOKITO";"$ 1.055,05"
"882";"AZAFRAN ESPA¥OL X 2u.KOKITO";"KOKITO";"$ 3.154,68"
"11";"CHIMICHURRI LIQUIDO x 240cc(6u).KOKITO";"KOKITO";"$ 1.728,02"
"821";"CHIMICHURRI X 1 Kg.KOKITO";"KOKITO";"$ 14.672,98"
"922";"CHIMICHURRI X 25Gr(15u).KOKITO";"KOKITO";"$ 628,52"
"892";"COMINO MOLIDO X 25Gr(15u).KOKITO";"KOKITO";"$ 717,96"
"932";"CONDIMENTO PARA ARROZ X 25Gr(15u).KOKITO";"KOKITO";"$ 710,03"
"72";"CURCUMA X 25Gr(15u).KOKITO";"KOKITO";"$ 660,41"
"918";"ESPECIAS SURTIDAS X 25Gr(15u).KOKITO";"KOKITO";"$ 785,49"
"1236";"EXIBIDOR PARED P/12 ESP(VACIO).KOKITO";"KOKITO";"$ 19.879,09"
"893";"LAUREL EN HOJAS X 25Gr(15u).KOKITO";"KOKITO";"$ 1.061,50"
"896";"NUEZ MOSCADA MOLIDA X 10Gr(15u).KOKITO";"KOKITO";"$ 690,18"
"894";"NUEZ MOSCADA+RALLADOR X 2u(12u).KOKITO";"KOKITO";"$ 1.329,23"
"812";"OREGANO X 1 Kg.KOKITO";"KOKITO";"$ 12.174,44"
"871";"OREGANO X 25Gr(15u).KOKITO";"KOKITO";"$ 626,60"
"867";"PEREJIL DESHIDRATADO X 25Gr(15u).KOKITO";"KOKITO";"$ 832,40"
"241";"PIMENTON DULCE X 1Kg.KOKITO";"KOKITO";"$ 12.046,84"
"900";"PIMENTON DULCE X 25Gr(15u).KOKITO";"KOKITO";"$ 490,11"
"826";"PIMIENTA BLANCA MOLIDA X 1KG.KOKITO";"KOKITO";"$ 46.183,47"
"906";"PIMIENTA BLANCA MOLIDA X 25Gr(15u).KOKITO";"KOKITO";"$ 1.164,73"
"322";"PIMIENTA NEGRA GRANO X 25Gr(15u).KOKITO";"KOKITO";"$ 847,53"
"982";"PIMIENTA NEGRA MOLIDA X 25Gr(15u).KOKITO";"KOKITO";"$ 854,72"
"834";"PROVENZAL X 1KG.KOKITO";"KOKITO";"$ 16.458,77"
"869";"PROVENZAL X 25Gr(15u).KOKITO";"KOKITO";"$ 673,40"
"924";"SALSA BLANCA X 40Gr(15u).KOKITO";"KOKITO";"$ 662,53"
"934";"ALMIDON DE MAIZ X 200Gr(8u).BEIRAMAR";"KOKITO DULCE";"$ 756,23"
"116";"AZUCAR IMPALPABLE X 200Gr(15u).KOKITO";"KOKITO DULCE";"$ 998,40"
"999";"AZUCAR NEGRO X 200Gr(6u).KOKITO";"KOKITO DULCE";"$ 1.152,33"
"884";"BICARBONATO X 50Gr(15u).KOKITO";"KOKITO DULCE";"$ 452,40"
"976";"CANELA MOLIDA X 25Gr(15u).KOKITO";"KOKITO DULCE";"$ 1.155,32"
"954";"COCO RALLADO X 25Gr(15u).KOKITO";"KOKITO DULCE";"$ 488,69"
"1242";"ESEN. VAINILLA P.V.C X 28cc(12u).KOKITO";"KOKITO DULCE";"$ 644,74"
"301";"ESENCIA VAINILLA P.V.C X 100cc(12u).KOKITO";"KOKITO DULCE";"$ 918,28"
"162";"GRANAS MULTICOLOR X 15Gr(25u).KOKITO";"KOKITO DULCE";"$ 492,49"
"854";"MATE COCIDO X 25Gr(12u).KOKITO";"KOKITO DULCE";"$ 875,03"
"819";"PASAS DE UVA X 50 Gr(15u).KOKITO";"KOKITO DULCE";"$ 521,71"
"964";"POLVO PARA HORNEAR X 50Gr(15u).KOKITO";"KOKITO DULCE";"$ 696,94"
"838";"TE DE BOLDO X 25Gr(6u).KOKITO";"KOKITO DULCE";"$ 1.270,59"
"842";"TE DE MANZANILLA X 25Gr(6u).KOKITO";"KOKITO DULCE";"$ 874,83"
"844";"TE DE TILO X 25Gr(6u).KOKITO";"KOKITO DULCE";"$ 2.529,21"
"836";"TE EN SAQUITOS X 25Gr(12u).KOKITO";"KOKITO DULCE";"$ 813,16"
"868";"ACELGA CORTADA X 350g(6u)LA BANDA";"LA BANDA";"$ 990,43"
"832";"ACELGA CORTADA X 800g(6u)LA BANDA";"LA BANDA";"$ 1.724,07"
"1241";"ANANA EN RODAJAS X 850g(12u)LA BANDA";"LA BANDA";"$ 5.122,00"
"760";"ARVEJA REM.TETRA X 340g(24u)LA BANDA";"LA BANDA";"$ 596,08"
"1252";"ATUN DESMENUZADO AL NATURAL X 170g(48u)LA BANDA";"LA BANDA";"$ 1.255,25"
"1251";"ATUN DESMENUZADO EN ACEITE X 170g(48u)LA BANDA";"LA BANDA";"$ 1.305,46"
"1256";"CABALLA EN ACEITE  X 425g(24u)LA BANDA";"LA BANDA";"$ 2.384,35"
"1255";"CABALLA NATURAL X 425g(48u)LA BANDA";"LA BANDA";"$ 2.338,50"
"1250";"CHAMPIÑON EN TROZOS X 400g(24u)LA BANDA";"LA BANDA";"$ 2.359,86"
"1249";"CHAMPIÑON ENTERO X 400g(24u)LA BANDA";"LA BANDA";"$ 2.610,40"
"995";"CHAUCHAS CORTADAS X 350g(6u)LA BANDA";"LA BANDA";"$ 0,00"
"992";"CHAUCHAS CORTADAS X 800g(6u)LA BANDA";"LA BANDA";"$ 0,00"
"56";"CHOCLO AMAR. CREMOSO TETRA X 340Gr(24u)LA BANDA";"LA BANDA";"$ 907,89"
"159";"CHOCLO AMAR. GRANO. X 350g(6u)LA BANDA";"LA BANDA";"$ 0,00"
"1258";"CHOCLO AMARILLO TETRA X 340g(24u)LA BANDA";"LA BANDA";"$ 1.101,08"
"220";"CHOCLO BLANCO CREMOSO X 340g(6u)LA BANDA";"LA BANDA";"$ 740,98"
"612";"CHOCLO BLANCO GRANO X 340g(6u)LA BANDA";"LA BANDA";"$ 699,99"
"1238";"COCTEL DE 4 FRUTAS X 820g(12u)LA BANDA";"LA BANDA";"$ 3.113,03"
"1245";"CORAZON  ALCAUCIL X 400(6u)LA BANDA";"LA BANDA";"$ 0,00"
"1235";"DURAZNO EN MITADES X 850g(12u).LA BANDA";"LA BANDA";"$ 2.369,92"
"1244";"ESPARRAGO BLANCO X 400g(24u)LA BANDA";"LA BANDA";"$ 3.113,50"
"1183";"ESPINACA CORTADA X 380g(6u)LA BANDA";"LA BANDA";"$ 1.008,77"
"640";"ESPINACA CORTADA X 800g(6u)LA BANDA";"LA BANDA";"$ 1.788,26"
"646";"GARBANZO REMOJADOS TETRA X 340g(12u)LA BANDA";"LA BANDA";"$ 779,50"
"58";"JARDINERA TETRA X 340g(12u)LA BANDA";"LA BANDA";"$ 999,59"
"445";"LENTEJA X 350g(6u) LA BANDA";"LA BANDA";"$ 812,51"
"1253";"LOMITO ATUN ACEITE X 170g(48u)LA BANDA";"LA BANDA";"$ 2.008,40"
"1254";"LOMITO ATUN NATURAL X 170g(48u)LA BANDA";"LA BANDA";"$ 1.978,27"
"460";"PALMITO ENTERO X 400g(6u)LA BANDA";"LA BANDA";"$ 2.500,46"
"1246";"PALMITO RODAJAS X 400g(24u)LA BANDA";"LA BANDA";"$ 1.898,00"
"1239";"PERAS 1/2 EN ALMIBAR X 850g(12u)LA BANDA";"LA BANDA";"$ 2.169,69"
"1247";"PIMIENTO MORRON X 185g(24u)LA BANDA";"LA BANDA";"$ 0,00"
"701";"PIMIENTO MORRON X 2.5Kg(6u)LA BANDA";"LA BANDA";"$ 0,00"
"160";"PIMIENTO MORRON X 780g (12u).LA BANDA";"LA BANDA";"$ 0,00"
"1233";"POROTO ALUBIA S.REM. X 350g(6u)LA BANDA";"LA BANDA";"$ 916,50"
"79";"POROTO NEGRO TETRA X 350g(12u)LA BANDA";"LA BANDA";"$ 907,89"
"127";"POROTO PALLARE TETRA X 350g(12u).LA BANDA";"LA BANDA";"$ 1.146,31"
"755";"POROTO ROJO TETRA X 350g(12u)LA BANDA";"LA BANDA";"$ 972,08"
"503";"REMOLACHA EN CUBO TETRA X 350g(12u)LA BANDA";"LA BANDA";"$ 962,91"
"1181";"REMOLACHA REBANADA X 350g(6u)LA BAND";"LA BANDA";"$ 880,37"
"1182";"REMOLACHA REBANADA X 850g(6u)LA BANDA";"LA BANDA";"$ 1.724,07"
"85";"SALSA BOLOGNESA TETRA X 500Gr(24u).LA BANDA";"LA BANDA";"$ 770,90"
"1268";"SARDINAS EN ACEITE X 125g.BUEN PIQUE";"LA BANDA";"$ 1.523,37"
"1001";"TOMATE TRITURADO TETRA X 500g(24u)LA BANDA";"LA BANDA";"$ 1.068,36"
"161";"TOMATE TRITURADO X 8Kg.LA BANDA";"LA BANDA";"$ 10.206,29"
"1226";"DELICIOSA CHIPS X 140Gr(18u).MAURI";"MAURI";"$ 505,81"
"1286";"MAGDALENAS RELLENAS DDL X 192Gr(12u).MAURI";"MAURI";"$ 1.291,57"
"1192";"MARIA ELENA X 135Gr(30u).MAURI";"MAURI";"$ 528,63"
"229";"SALVADO X 210Gr(20u).MAURI";"MAURI";"$ 780,02"
"226";"SIN SAL X 400Gr(12u).MAURI";"MAURI";"$ 1.444,69"
"250";"SURTIDO FAUNA X 150Gr(28u).MAURI";"MAURI";"$ 443,87"
"243";"VAINILLAS X 160Gr(32u).MAURI";"MAURI";"$ 736,77"
"222";"VAINILLAS X 320Gr(16u).MAURI";"MAURI";"$ 1.425,35"
"223";"VAINILLAS X 80Gr(36u).MAURI";"MAURI";"$ 336,03"
"300";"MORTADELA FAMILIAR X 300Gr(16u).PALADINI";"PALADINI";"$ 2.457,00"
"77";"MORTADELA X 2,5 Kg(3u).PALADINI";"PALADINI";"$ 8.850,85"
"75";"MORTADELA X 4,5 Kg(3u).PALADINI";"PALADINI";"$ 6.918,75"
"420";"PATÉ DE FOIE X 90Gr(24u).PALADINI";"PALADINI";"$ 798,85"
"312";"PICADILLO DE CARNE X 90Gr(24u).PALADINI";"PALADINI";"$ 798,85"
"505";"SALAME MILAN AL VACIO(3u).FELA";"PALADINI";"$ 11.685,81"
"83";"SALCHICHA X 6u(24u).FELA";"PALADINI";"$ 1.051,28"
"81";"SALCHICHA X 6u(24u).PALADINI";"PALADINI";"$ 1.545,84"
"103";"CHEDDAR SACHET (2u).QUESADA";"QUESOS Y LACTEOS";"$ 4.381,14"
"960";"CREMA DE LECHE X 5Lt.SIKU";"QUESOS Y LACTEOS";"$ 26.650,00"
"499";"CREMOSO 1/2 HORMA(8u).QUESADA";"QUESOS Y LACTEOS";"$ 7.016,10"
"500";"CREMOSO HORMA(4u).QUESADA";"QUESOS Y LACTEOS";"$ 6.899,10"
"201";"MUZZARELLA CILINDRO.SIKU";"QUESOS Y LACTEOS";"$ 6.600,00"
"711";"P";"QUESOS Y LACTEOS";"$ 0,00"
"966";"PATEGRAS CASERO";"QUESOS Y LACTEOS";"$ 8.820,00"
"63";"POR SALUT SIN SAL 1/2 HORMA(8u).QUESADA";"QUESOS Y LACTEOS";"$ 8.009,30"
"862";"QUESO AZUL 1/2 HORMA (8u).EL EMPERADOR";"QUESOS Y LACTEOS";"$ 12.489,10"
"100";"QUESO BARRA TYBO.SIKU";"QUESOS Y LACTEOS";"$ 8.450,00"
"140";"QUESO BRIE";"QUESOS Y LACTEOS";"$ 32.200,00"
"765";"REGGIANO MITAD.QUESADA";"QUESOS Y LACTEOS";"$ 13.768,75"
"87";"RICOTTA.SIKU";"QUESOS Y LACTEOS";"$ 1.820,00"
"501";"S";"QUESOS Y LACTEOS";"$ 0,00"
"494";"SARDO SAZONADO.SIKU";"QUESOS Y LACTEOS";"$ 8.820,00"
"1285";"SARDO SEMI-ESTACIONADO.SANTA ANA";"QUESOS Y LACTEOS";"$ 8.640,00"
"28";"EDULCORANTE SI-DIET X 200cc(6u).BAGGIO";"R.P.B";"$ 1.125,47"
"644";"EDULCORANTE SI-DIET X 500cc(6u).BAGGIO";"R.P.B";"$ 2.096,94"
"31";"PRONTO X 1L(8u).BAGGIO";"R.P.B";"$ 1.183,75"
"30";"PRONTO X 200cc(18u).BAGGIO";"R.P.B";"$ 350,00"
"493";"PULPA DE TOMATE LA HUERTA X 520g(12u).BAGGIO";"R.P.B";"$ 522,60"
"27";"PURE DE TOMATE LA HUERTA X 210g(18u).BAGGIO";"R.P.B";"$ 432,97"
"26";"PURE DE TOMATE LA HUERTA X 530g(12u).BAGGIO";"R.P.B";"$ 712,50"
"498";"VIDA BY LIMONE X 1.5L(6u)BAGGIO";"R.P.B";"$ 867,66"
"37";"VIDA BY MANZANA X 1.5L(6u)BAGGIO";"R.P.B";"$ 867,66"
"38";"VIDA BY MIX FRUTAL  X 1.5L(6u)BAGGIO";"R.P.B";"$ 826,33"
"908";"VIDA BY NARANJA X 1.5L(6u)BAGGIO";"R.P.B";"$ 867,66"
"942";"VIDA BY POMELO X 1.5L(6u)BAGGIO";"R.P.B";"$ 867,66"
"409";"AVE MARIA X 500g(12u)VOLCAN";"VOLCAN";"$ 1.171,57"
"430";"CABELLO ANGEL HUEVO X 500g(12u)VOLCAN";"VOLCAN";"$ 1.335,62"
"602";"CODO GRANDE X 500(12u)VOLCAN";"VOLCAN";"$ 1.171,17"
"423";"MOÑOS HUEVO X 500g(12u)VOLCAN";"VOLCAN";"$ 1.381,38"
"61";"MOSTACHOL COLOR X 500Gr(12u).VOLCAN";"VOLCAN";"$ 1.218,34"
"427";"MOSTACHOL HUEVO X 500g(12u)VOLCAN";"VOLCAN";"$ 1.171,17"
"408";"MUNICION X 500g(12u)VOLCAN";"VOLCAN";"$ 1.171,17"
"441";"NIDO ESPINACA X 500g(12u)VOLCAN";"VOLCAN";"$ 1.405,69"
"438";"NIDO HUEVO Nº1 X 500g(12u)VOLCAN";"VOLCAN";"$ 1.358,50"
"439";"NIDO HUEVO Nº2 X 500g(12u)VOLCAN";"VOLCAN";"$ 1.358,50"
"440";"NIDO HUEVO Nº3 X 500g(12u)VOLCAN";"VOLCAN";"$ 1.358,50"
"800";"NIDO HUEVO Nº4 X 500g(12u)VOLCAN";"VOLCAN";"$ 1.358,50"
"442";"NIDO MORRON x 500g(12u)VOLCAN";"VOLCAN";"$ 1.405,69"
"433";"TALLARIN ANCHO X 500g(12u)VOLCAN";"VOLCAN";"$ 1.335,62"
"41";"TALLARIN ESPINACA Nº2 X 500g(12u)VOLCAN";"VOLCAN";"$ 1.381,38"
"434";"TALLARIN FINO X 500g(12u)VOLCAN";"VOLCAN";"$ 1.335,62"
"42";"TALLARIN MORRON Nº2 X 500g(12u)VOLCAN";"VOLCAN";"$ 1.381,63"
"472";"TIRABUZON COLOR X 500g(12u)VOLCAN";"VOLCAN";"$ 1.218,34"
"425";"TIRABUZON HUEVO X 500g(12u)VOLCAN";"VOLCAN";"$ 1.171,17"
"446";"#AVEMARIA SEMOLA X 500g(12u)VOLCAN";"VOLCAN SEMOLA";"$ 948,09"
"451";"#CABELLO ANGEL SEM. X 500g(12u)VOLCAN";"VOLCAN SEMOLA";"$ 1.053,91"
"90";"#CODO GRANDE SEMOLA X 500(12u)VOLCAN";"VOLCAN SEMOLA";"$ 948,09"
"1280";"#MOÑOS SEMOLA X 500g(12u)VOLCAN";"VOLCAN SEMOLA";"$ 1.101,08"
"1214";"#MOSTACHOL SEMOLA X 500g(12u)VOLCAN";"VOLCAN SEMOLA";"$ 948,09"
"421";"#MUNICION SEMOLA X 500g(12u)VOLCAN";"VOLCAN SEMOLA";"$ 948,09"
"1281";"#NIDO SEMOLA Nº1 X 500g(12u)VOLCAN";"VOLCAN SEMOLA";"$ 1.054,88"
"1231";"#NIDO SEMOLA Nº2 X 500g(12u)VOLCAN";"VOLCAN SEMOLA";"$ 1.054,88"
"758";"#NIDO SEMOLA Nº3 X 500g(12u)VOLCAN";"VOLCAN SEMOLA";"$ 1.054,88"
"418";"#TIRABUZON SEMOLA X 500g(12u)VOLCAN";"VOLCAN SEMOLA";"$ 948,09"
